Afghanistan,The Islamic Republic of Afghanistan,AF,"[""Ukrainian, Russian speakers"", ""Открытое пространство"", ""https://ospace.org/psyhelp""], [Ukrainians, ""Pidtrimka"", ""https://pidtrimka.online/rus"", ""pidtrimkainfo@gmail.com""]",
Åland Islands,Åland,AX,"[""Ukrainian, Russian speakers"", ""Открытое пространство"", ""https://ospace.org/psyhelp""], [Ukrainians, ""Pidtrimka"", ""https://pidtrimka.online/rus"", ""pidtrimkainfo@gmail.com""]",
Albania,The Republic of Albania,AL,"[""Ukrainian, Russian speakers"", ""Открытое пространство"", ""https://ospace.org/psyhelp""], [Ukrainians, ""Pidtrimka"", ""https://pidtrimka.online/rus"", ""pidtrimkainfo@gmail.com""]",
Algeria,The People's Democratic Republic of Algeria,DZ,"[""Ukrainian, Russian speakers"", ""Открытое пространство"", ""https://ospace.org/psyhelp""], [Ukrainians, ""Pidtrimka"", ""https://pidtrimka.online/rus"", ""pidtrimkainfo@gmail.com""]",
American Samoa,The Territory of American Samoa,AS,"[""Ukrainian, Russian speakers"", ""Открытое пространство"", ""https://ospace.org/psyhelp""], [Ukrainians, ""Pidtrimka"", ""https://pidtrimka.online/rus"", ""pidtrimkainfo@gmail.com""]",
Andorra,The Principality of Andorra,AD,"[""Ukrainian, Russian speakers"", ""Открытое пространство"", ""https://ospace.org/psyhelp""], [Ukrainians, ""Pidtrimka"", ""https://pidtrimka.online/rus"", ""pidtrimkainfo@gmail.com""]",
Angola,The Republic of Angola,AO,"[""Ukrainian, Russian speakers"", ""Открытое пространство"", ""https://ospace.org/psyhelp""], [Ukrainians, ""Pidtrimka"", ""https://pidtrimka.online/rus"", ""pidtrimkainfo@gmail.com""]",
Anguilla,Anguilla,AI,"[""Ukrainian, Russian speakers"", ""Открытое пространство"", ""https://ospace.org/psyhelp""], [Ukrainians, ""Pidtrimka"", ""https://pidtrimka.online/rus"", ""pidtrimkainfo@gmail.com""]",
Antarctica,All land and ice shelves south of the 60th parallel south,AQ,"[""Ukrainian, Russian speakers"", ""Открытое пространство"", ""https://ospace.org/psyhelp""], [Ukrainians, ""Pidtrimka"", ""https://pidtrimka.online/rus"", ""pidtrimkainfo@gmail.com""]",
Antigua and Barbuda,Antigua and Barbuda,AG,"[""Ukrainian, Russian speakers"", ""Открытое пространство"", ""https://ospace.org/psyhelp""], [Ukrainians, ""Pidtrimka"", ""https://pidtrimka.online/rus"", ""pidtrimkainfo@gmail.com""]",
Argentina,The Argentine Republic,AR,"[""Ukrainian, Russian speakers"", ""Открытое пространство"", ""https://ospace.org/psyhelp""], [Ukrainians, ""Pidtrimka"", ""https://pidtrimka.online/rus"", ""pidtrimkainfo@gmail.com""]",
Armenia,The Republic of Armenia,AM,"[""Ukrainian, Russian speakers"", ""Madatyan"", ""https://psyhelp.am/ru/reception/ask-your-question-ru/free-consultation-1""]",
Aruba,Aruba,AW,"[""Ukrainian, Russian speakers"", ""Открытое пространство"", ""https://ospace.org/psyhelp""], [Ukrainians, ""Pidtrimka"", ""https://pidtrimka.online/rus"", ""pidtrimkainfo@gmail.com""]",
Australia,The Commonwealth of Australia,AU,"[""Ukrainian, Russian speakers"", ""Embrace Mental Health"", ""https://www.sbs.com.au/language/russian/ru/article/mental-health-services-in-australia-in-your-language/xe1yuxzgc""]",
Austria,The Republic of Austria,AT,"[""Ukrainian, Russian speakers"", ""Открытое пространство"", ""https://ospace.org/psyhelp""], [Ukrainias, [""BBU"", ""https://www.bbu.gv.at/ukraine-info-faq-russian""]",
Azerbaijan,The Republic of Azerbaijan,AZ,"[""Ukrainian, Russian speakers"", ""Открытое пространство"", ""https://ospace.org/psyhelp""], [Ukrainians, ""Pidtrimka"", ""https://pidtrimka.online/rus"", ""pidtrimkainfo@gmail.com""]",
Bahamas (the),The Commonwealth of The Bahamas,BS,"[""Ukrainian, Russian speakers"", ""Открытое пространство"", ""https://ospace.org/psyhelp""], [Ukrainians, ""Pidtrimka"", ""https://pidtrimka.online/rus"", ""pidtrimkainfo@gmail.com""]",
Bahrain,The Kingdom of Bahrain,BH,"[""Ukrainian, Russian speakers"", ""Открытое пространство"", ""https://ospace.org/psyhelp""], [Ukrainians, ""Pidtrimka"", ""https://pidtrimka.online/rus"", ""pidtrimkainfo@gmail.com""]",
Bangladesh,The People's Republic of Bangladesh,BD,"[""Ukrainian, Russian speakers"", ""Открытое пространство"", ""https://ospace.org/psyhelp""], [Ukrainians, ""Pidtrimka"", ""https://pidtrimka.online/rus"", ""pidtrimkainfo@gmail.com""]",
Barbados,Barbados,BB,"[""Ukrainian, Russian speakers"", ""Открытое пространство"", ""https://ospace.org/psyhelp""], [Ukrainians, ""Pidtrimka"", ""https://pidtrimka.online/rus"", ""pidtrimkainfo@gmail.com""]",
Belarus,The Republic of Belarus,BY,"[""Ukrainian, Russian speakers"", ""Открытое пространство"", ""https://ospace.org/psyhelp""], [Ukrainians, ""Pidtrimka"", ""https://pidtrimka.online/rus"", ""pidtrimkainfo@gmail.com""]",
Belgium,The Kingdom of Belgium,BE,"[""Ukrainian, Russian speakers"", ""Открытое пространство"", ""https://ospace.org/psyhelp""], Ukrainians, ""CAW"", "" 0800 13 500""]  ",
Belize,Belize,BZ,"[""Ukrainian, Russian speakers"", ""Открытое пространство"", ""https://ospace.org/psyhelp""], [Ukrainians, ""Pidtrimka"", ""https://pidtrimka.online/rus"", ""pidtrimkainfo@gmail.com""]",
Benin,The Republic of Benin,BJ,"[""Ukrainian, Russian speakers"", ""Открытое пространство"", ""https://ospace.org/psyhelp""], [Ukrainians, ""Pidtrimka"", ""https://pidtrimka.online/rus"", ""pidtrimkainfo@gmail.com""]",
Bermuda,Bermuda,BM,"[""Ukrainian, Russian speakers"", ""Открытое пространство"", ""https://ospace.org/psyhelp""], [Ukrainians, ""Pidtrimka"", ""https://pidtrimka.online/rus"", ""pidtrimkainfo@gmail.com""]",
Bhutan,The Kingdom of Bhutan,BT,"[""Ukrainian, Russian speakers"", ""Открытое пространство"", ""https://ospace.org/psyhelp""], [Ukrainians, ""Pidtrimka"", ""https://pidtrimka.online/rus"", ""pidtrimkainfo@gmail.com""]",
Bolivia (Plurinational State of),The Plurinational State of Bolivia,BO,"[""Ukrainian, Russian speakers"", ""Открытое пространство"", ""https://ospace.org/psyhelp""], [Ukrainians, ""Pidtrimka"", ""https://pidtrimka.online/rus"", ""pidtrimkainfo@gmail.com""]",
"Bonaire
 Sint Eustatius
 Saba","Bonaire, Sint Eustatius and Saba",BQ,"[""Ukrainian, Russian speakers"", ""Открытое пространство"", ""https://ospace.org/psyhelp""], [Ukrainians, ""Pidtrimka"", ""https://pidtrimka.online/rus"", ""pidtrimkainfo@gmail.com""]",
Bosnia and Herzegovina,Bosnia and Herzegovina,BA,"[""Ukrainian, Russian speakers"", ""Открытое пространство"", ""https://ospace.org/psyhelp""], [Ukrainians, ""Pidtrimka"", ""https://pidtrimka.online/rus"", ""pidtrimkainfo@gmail.com""]",
Botswana,The Republic of Botswana,BW,"[""Ukrainian, Russian speakers"", ""Открытое пространство"", ""https://ospace.org/psyhelp""], [Ukrainians, ""Pidtrimka"", ""https://pidtrimka.online/rus"", ""pidtrimkainfo@gmail.com""]",
Bouvet Island,Bouvet Island,BV,"[""Ukrainian, Russian speakers"", ""Открытое пространство"", ""https://ospace.org/psyhelp""], [Ukrainians, ""Pidtrimka"", ""https://pidtrimka.online/rus"", ""pidtrimkainfo@gmail.com""]",
Brazil,The Federative Republic of Brazil,BR,"[""Ukrainian, Russian speakers"", ""Открытое пространство"", ""https://ospace.org/psyhelp""], [Ukrainians, ""Pidtrimka"", ""https://pidtrimka.online/rus"", ""pidtrimkainfo@gmail.com""]",
British Indian Ocean Territory (the),The British Indian Ocean Territory,IO,"[""Ukrainian, Russian speakers"", ""Открытое пространство"", ""https://ospace.org/psyhelp""], [Ukrainians, ""Pidtrimka"", ""https://pidtrimka.online/rus"", ""pidtrimkainfo@gmail.com""]",
British Virgin Islands – See Virgin Islands (British).,British Virgin Islands – See Virgin Islands (British).,British Virgin Islands – See Virgin Islands (British).,"[""Ukrainian, Russian speakers"", ""Открытое пространство"", ""https://ospace.org/psyhelp""], [Ukrainians, ""Pidtrimka"", ""https://pidtrimka.online/rus"", ""pidtrimkainfo@gmail.com""]",
Brunei Darussalam,"The Nation of Brunei, the Abode of Peace",BN,"[""Ukrainian, Russian speakers"", ""Открытое пространство"", ""https://ospace.org/psyhelp""], [Ukrainians, ""Pidtrimka"", ""https://pidtrimka.online/rus"", ""pidtrimkainfo@gmail.com""]",
Bulgaria,The Republic of Bulgaria,BG,"[""Ukrainian, Russian speakers"", ""Центр Надя"", ""http://www.centrenadja.com/"",  ""refunit@bghelsinki.org""]",
Burkina Faso,Burkina Faso,BF,"[""Ukrainian, Russian speakers"", ""Открытое пространство"", ""https://ospace.org/psyhelp""], [Ukrainians, ""Pidtrimka"", ""https://pidtrimka.online/rus"", ""pidtrimkainfo@gmail.com""]",
Burma – See Myanmar.,Burma – See Myanmar.,Burma – See Myanmar.,"[""Ukrainian, Russian speakers"", ""Открытое пространство"", ""https://ospace.org/psyhelp""], [Ukrainians, ""Pidtrimka"", ""https://pidtrimka.online/rus"", ""pidtrimkainfo@gmail.com""]",
Burundi,The Republic of Burundi,BI,"[""Ukrainian, Russian speakers"", ""Открытое пространство"", ""https://ospace.org/psyhelp""], [Ukrainians, ""Pidtrimka"", ""https://pidtrimka.online/rus"", ""pidtrimkainfo@gmail.com""]",
Cabo Verde,The Republic of Cabo Verde,CV,"[""Ukrainian, Russian speakers"", ""Открытое пространство"", ""https://ospace.org/psyhelp""], [Ukrainians, ""Pidtrimka"", ""https://pidtrimka.online/rus"", ""pidtrimkainfo@gmail.com""]",
Cambodia,The Kingdom of Cambodia,KH,"[""Ukrainian, Russian speakers"", ""Открытое пространство"", ""https://ospace.org/psyhelp""], [Ukrainians, ""Pidtrimka"", ""https://pidtrimka.online/rus"", ""pidtrimkainfo@gmail.com""]",
Cameroon,The Republic of Cameroon,CM,"[""Ukrainian, Russian speakers"", ""Открытое пространство"", ""https://ospace.org/psyhelp""], [Ukrainians, ""Pidtrimka"", ""https://pidtrimka.online/rus"", ""pidtrimkainfo@gmail.com""]",
Canada,Canada,CA,"[""Ukrainian, Russian speakers"", ""Открытое пространство"", ""https://ospace.org/psyhelp""], [Ukrainian, ""https://canada-ukraine.notion.site/966ba1aad300472e8365fcc610d8d86c""",
Cape Verde – See Cabo Verde.,Cape Verde – See Cabo Verde.,Cape Verde – See Cabo Verde.,"[""Ukrainian, Russian speakers"", ""Открытое пространство"", ""https://ospace.org/psyhelp""], [Ukrainians, ""Pidtrimka"", ""https://pidtrimka.online/rus"", ""pidtrimkainfo@gmail.com""]",
"Caribbean Netherlands – See Bonaire, Sint Eustatius and Saba.","Caribbean Netherlands – See Bonaire, Sint Eustatius and Saba.","Caribbean Netherlands – See Bonaire, Sint Eustatius and Saba.","[""Ukrainian, Russian speakers"", ""Открытое пространство"", ""https://ospace.org/psyhelp""], [Ukrainians, ""Pidtrimka"", ""https://pidtrimka.online/rus"", ""pidtrimkainfo@gmail.com""]",
Cayman Islands (the),The Cayman Islands,KY,"[""Ukrainian, Russian speakers"", ""Открытое пространство"", ""https://ospace.org/psyhelp""], [Ukrainians, ""Pidtrimka"", ""https://pidtrimka.online/rus"", ""pidtrimkainfo@gmail.com""]",
Central African Republic (the),The Central African Republic,CF,"[""Ukrainian, Russian speakers"", ""Открытое пространство"", ""https://ospace.org/psyhelp""], [Ukrainians, ""Pidtrimka"", ""https://pidtrimka.online/rus"", ""pidtrimkainfo@gmail.com""]",
Chad,The Republic of Chad,TD,"[""Ukrainian, Russian speakers"", ""Открытое пространство"", ""https://ospace.org/psyhelp""], [Ukrainians, ""Pidtrimka"", ""https://pidtrimka.online/rus"", ""pidtrimkainfo@gmail.com""]",
Chile,The Republic of Chile,CL,"[""Ukrainian, Russian speakers"", ""Открытое пространство"", ""https://ospace.org/psyhelp""], [Ukrainians, ""Pidtrimka"", ""https://pidtrimka.online/rus"", ""pidtrimkainfo@gmail.com""]",
China,The People's Republic of China,CN,"[""Ukrainian, Russian speakers"", ""Открытое пространство"", ""https://ospace.org/psyhelp""], [Ukrainians, ""Pidtrimka"", ""https://pidtrimka.online/rus"", ""pidtrimkainfo@gmail.com""]",
"China, The Republic of – See Taiwan (Province of China).","China, The Republic of – See Taiwan (Province of China).","China, The Republic of – See Taiwan (Province of China).","[""Ukrainian, Russian speakers"", ""Открытое пространство"", ""https://ospace.org/psyhelp""], [Ukrainians, ""Pidtrimka"", ""https://pidtrimka.online/rus"", ""pidtrimkainfo@gmail.com""]",
Christmas Island,The Territory of Christmas Island,CX,"[""Ukrainian, Russian speakers"", ""Открытое пространство"", ""https://ospace.org/psyhelp""], [Ukrainians, ""Pidtrimka"", ""https://pidtrimka.online/rus"", ""pidtrimkainfo@gmail.com""]",
Cocos (Keeling) Islands (the),The Territory of Cocos (Keeling) Islands,CC,"[""Ukrainian, Russian speakers"", ""Открытое пространство"", ""https://ospace.org/psyhelp""], [Ukrainians, ""Pidtrimka"", ""https://pidtrimka.online/rus"", ""pidtrimkainfo@gmail.com""]",
Colombia,The Republic of Colombia,CO,"[""Ukrainian, Russian speakers"", ""Открытое пространство"", ""https://ospace.org/psyhelp""], [Ukrainians, ""Pidtrimka"", ""https://pidtrimka.online/rus"", ""pidtrimkainfo@gmail.com""]",
Comoros (the),The Union of the Comoros,KM,"[""Ukrainian, Russian speakers"", ""Открытое пространство"", ""https://ospace.org/psyhelp""], [Ukrainians, ""Pidtrimka"", ""https://pidtrimka.online/rus"", ""pidtrimkainfo@gmail.com""]",
Congo (the Democratic Republic of the),The Democratic Republic of the Congo,CD,"[""Ukrainian, Russian speakers"", ""Открытое пространство"", ""https://ospace.org/psyhelp""], [Ukrainians, ""Pidtrimka"", ""https://pidtrimka.online/rus"", ""pidtrimkainfo@gmail.com""]",
Congo (the),The Republic of the Congo,CG,"[""Ukrainian, Russian speakers"", ""Открытое пространство"", ""https://ospace.org/psyhelp""], [Ukrainians, ""Pidtrimka"", ""https://pidtrimka.online/rus"", ""pidtrimkainfo@gmail.com""]",
Cook Islands (the),The Cook Islands,CK,"[""Ukrainian, Russian speakers"", ""Открытое пространство"", ""https://ospace.org/psyhelp""], [Ukrainians, ""Pidtrimka"", ""https://pidtrimka.online/rus"", ""pidtrimkainfo@gmail.com""]",
Costa Rica,The Republic of Costa Rica,CR,"[""Ukrainian, Russian speakers"", ""Открытое пространство"", ""https://ospace.org/psyhelp""], [Ukrainians, ""Pidtrimka"", ""https://pidtrimka.online/rus"", ""pidtrimkainfo@gmail.com""]",
Côte d'Ivoire,The Republic of Côte d'Ivoire,CI,"[""Ukrainian, Russian speakers"", ""Открытое пространство"", ""https://ospace.org/psyhelp""], [Ukrainians, ""Pidtrimka"", ""https://pidtrimka.online/rus"", ""pidtrimkainfo@gmail.com""]",
Croatia,The Republic of Croatia,HR,"[""Ukrainian, Russian speakers"", ""Открытое пространство"", ""https://ospace.org/psyhelp""], [Ukrainians, ""Pidtrimka"", ""https://pidtrimka.online/rus"", ""pidtrimkainfo@gmail.com""]",
Cuba,The Republic of Cuba,CU,"[""Ukrainian, Russian speakers"", ""Открытое пространство"", ""https://ospace.org/psyhelp""], [Ukrainians, ""Pidtrimka"", ""https://pidtrimka.online/rus"", ""pidtrimkainfo@gmail.com""]",
Curaçao,The Country of Curaçao,CW,"[""Ukrainian, Russian speakers"", ""Открытое пространство"", ""https://ospace.org/psyhelp""], [Ukrainians, ""Pidtrimka"", ""https://pidtrimka.online/rus"", ""pidtrimkainfo@gmail.com""]",
Cyprus,The Republic of Cyprus,CY,"[""Ukrainian, Russian speakers"", ""Открытое пространство"", ""https://ospace.org/psyhelp""], [Ukrainians, ""Pidtrimka"", ""https://pidtrimka.online/rus"", ""pidtrimkainfo@gmail.com""]",
Czechia,The Czech Republic,CZ,"[""Ukrainian, Russian speakers"", ""Открытое пространство"", ""https://ospace.org/psyhelp""], [Ukrainians, ""Pidtrimka"", ""https://pidtrimka.online/rus"", ""pidtrimkainfo@gmail.com""]",
"Democratic People's Republic of Korea – See Korea, The Democratic People's Republic of.","Democratic People's Republic of Korea – See Korea, The Democratic People's Republic of.","Democratic People's Republic of Korea – See Korea, The Democratic People's Republic of.","[""Ukrainian, Russian speakers"", ""Открытое пространство"", ""https://ospace.org/psyhelp""], [Ukrainians, ""Pidtrimka"", ""https://pidtrimka.online/rus"", ""pidtrimkainfo@gmail.com""]",
"Democratic Republic of the Congo – See Congo, The Democratic Republic of the.","Democratic Republic of the Congo – See Congo, The Democratic Republic of the.","Democratic Republic of the Congo – See Congo, The Democratic Republic of the.","[""Ukrainian, Russian speakers"", ""Открытое пространство"", ""https://ospace.org/psyhelp""], [Ukrainians, ""Pidtrimka"", ""https://pidtrimka.online/rus"", ""pidtrimkainfo@gmail.com""]",
Denmark,The Kingdom of Denmark,DK,"[""Ukrainian, Russian speakers"", ""Открытое пространство"", ""https://ospace.org/psyhelp""], [Ukrainians, ""Pidtrimka"", ""https://pidtrimka.online/rus"", ""pidtrimkainfo@gmail.com""]",
Djibouti,The Republic of Djibouti,DJ,"[""Ukrainian, Russian speakers"", ""Открытое пространство"", ""https://ospace.org/psyhelp""], [Ukrainians, ""Pidtrimka"", ""https://pidtrimka.online/rus"", ""pidtrimkainfo@gmail.com""]",
Dominica,The Commonwealth of Dominica,DM,"[""Ukrainian, Russian speakers"", ""Открытое пространство"", ""https://ospace.org/psyhelp""], [Ukrainians, ""Pidtrimka"", ""https://pidtrimka.online/rus"", ""pidtrimkainfo@gmail.com""]",
Dominican Republic (the),The Dominican Republic,DO,"[""Ukrainian, Russian speakers"", ""Открытое пространство"", ""https://ospace.org/psyhelp""], [Ukrainians, ""Pidtrimka"", ""https://pidtrimka.online/rus"", ""pidtrimkainfo@gmail.com""]",
East Timor – See Timor-Leste.,East Timor – See Timor-Leste.,East Timor – See Timor-Leste.,"[""Ukrainian, Russian speakers"", ""Открытое пространство"", ""https://ospace.org/psyhelp""], [Ukrainians, ""Pidtrimka"", ""https://pidtrimka.online/rus"", ""pidtrimkainfo@gmail.com""]",
Ecuador,The Republic of Ecuador,EC,"[""Ukrainian, Russian speakers"", ""Открытое пространство"", ""https://ospace.org/psyhelp""], [Ukrainians, ""Pidtrimka"", ""https://pidtrimka.online/rus"", ""pidtrimkainfo@gmail.com""]",
Egypt,The Arab Republic of Egypt,EG,"[""Ukrainian, Russian speakers"", ""Открытое пространство"", ""https://ospace.org/psyhelp""], [Ukrainians, ""Pidtrimka"", ""https://pidtrimka.online/rus"", ""pidtrimkainfo@gmail.com""]",
El Salvador,The Republic of El Salvador,SV,"[""Ukrainian, Russian speakers"", ""Открытое пространство"", ""https://ospace.org/psyhelp""], [Ukrainians, ""Pidtrimka"", ""https://pidtrimka.online/rus"", ""pidtrimkainfo@gmail.com""]",
Equatorial Guinea,The Republic of Equatorial Guinea,GQ,"[""Ukrainian, Russian speakers"", ""Открытое пространство"", ""https://ospace.org/psyhelp""], [Ukrainians, ""Pidtrimka"", ""https://pidtrimka.online/rus"", ""pidtrimkainfo@gmail.com""]",
Eritrea,The State of Eritrea,ER,"[""Ukrainian, Russian speakers"", ""Открытое пространство"", ""https://ospace.org/psyhelp""], [Ukrainians, ""Pidtrimka"", ""https://pidtrimka.online/rus"", ""pidtrimkainfo@gmail.com""]",
Estonia,The Republic of Estonia,EE,"[""Ukrainian, Russian speakers"", ""Открытое пространство"", ""https://ospace.org/psyhelp""], [Ukrainians, ""Delfi"", ""116 006 (+372 6147 393) ""]",
Eswatini,The Kingdom of Eswatini,SZ,"[""Ukrainian, Russian speakers"", ""Открытое пространство"", ""https://ospace.org/psyhelp""], [Ukrainians, ""Pidtrimka"", ""https://pidtrimka.online/rus"", ""pidtrimkainfo@gmail.com""]",
Ethiopia,The Federal Democratic Republic of Ethiopia,ET,"[""Ukrainian, Russian speakers"", ""Открытое пространство"", ""https://ospace.org/psyhelp""], [Ukrainians, ""Pidtrimka"", ""https://pidtrimka.online/rus"", ""pidtrimkainfo@gmail.com""]",
Falkland Islands (the) [Malvinas],The Falkland Islands,FK,"[""Ukrainian, Russian speakers"", ""Открытое пространство"", ""https://ospace.org/psyhelp""], [Ukrainians, ""Pidtrimka"", ""https://pidtrimka.online/rus"", ""pidtrimkainfo@gmail.com""]",
Faroe Islands (the),The Faroe Islands,FO,"[""Ukrainian, Russian speakers"", ""Открытое пространство"", ""https://ospace.org/psyhelp""], [Ukrainians, ""Pidtrimka"", ""https://pidtrimka.online/rus"", ""pidtrimkainfo@gmail.com""]",
Fiji,The Republic of Fiji,FJ,"[""Ukrainian, Russian speakers"", ""Открытое пространство"", ""https://ospace.org/psyhelp""], [Ukrainians, ""Pidtrimka"", ""https://pidtrimka.online/rus"", ""pidtrimkainfo@gmail.com""]",
Finland,The Republic of Finland,FI,"[""Ukrainian, Russian speakers"", ""Открытое пространство"", ""https://ospace.org/psyhelp""], [Ukrainians, ""Pidtrimka"", ""https://pidtrimka.online/rus"", ""pidtrimkainfo@gmail.com""]",
France,The French Republic,FR,"[""Ukrainian, Russian speakers"", ""Открытое пространство"", ""https://ospace.org/psyhelp""], [Ukrainians, ""Ukrainiansinfrance"", ""https://www.ukrainiansinfrance.com/post/бесплатная-психологическая-помощь]",
French Guiana,Guyane,GF,"[""Ukrainian, Russian speakers"", ""Открытое пространство"", ""https://ospace.org/psyhelp""], [Ukrainians, ""Pidtrimka"", ""https://pidtrimka.online/rus"", ""pidtrimkainfo@gmail.com""]",
French Polynesia,French Polynesia,PF,"[""Ukrainian, Russian speakers"", ""Открытое пространство"", ""https://ospace.org/psyhelp""], [Ukrainians, ""Pidtrimka"", ""https://pidtrimka.online/rus"", ""pidtrimkainfo@gmail.com""]",
French Southern Territories (the),The French Southern and Antarctic Lands,TF,"[""Ukrainian, Russian speakers"", ""Открытое пространство"", ""https://ospace.org/psyhelp""], [Ukrainians, ""Pidtrimka"", ""https://pidtrimka.online/rus"", ""pidtrimkainfo@gmail.com""]",
Gabon,The Gabonese Republic,GA,"[""Ukrainian, Russian speakers"", ""Открытое пространство"", ""https://ospace.org/psyhelp""], [Ukrainians, ""Pidtrimka"", ""https://pidtrimka.online/rus"", ""pidtrimkainfo@gmail.com""]",
Gambia (the),The Republic of The Gambia,GM,"[""Ukrainian, Russian speakers"", ""Открытое пространство"", ""https://ospace.org/psyhelp""], [Ukrainians, ""Pidtrimka"", ""https://pidtrimka.online/rus"", ""pidtrimkainfo@gmail.com""]",
Georgia,Georgia,GE,"[""Ukrainian, Russian speakers"", ""Открытое пространство"", ""https://ospace.org/psyhelp""], [Ukrainians, ""Pidtrimka"", ""https://pidtrimka.online/rus"", ""pidtrimkainfo@gmail.com""]",
Germany,The Federal Republic of Germany,DE,"[""Ukrainian, Russian speakers"", ""Телефон доверия"", ""+4930440308""], [Ukrainians, ""Complicated"", ""https://complicated.life/en/ukraine""]",
Ghana,The Republic of Ghana,GH,"[""Ukrainian, Russian speakers"", ""Открытое пространство"", ""https://ospace.org/psyhelp""], [Ukrainians, ""Pidtrimka"", ""https://pidtrimka.online/rus"", ""pidtrimkainfo@gmail.com""]",
Gibraltar,Gibraltar,GI,"[""Ukrainian, Russian speakers"", ""Открытое пространство"", ""https://ospace.org/psyhelp""], [Ukrainians, ""Pidtrimka"", ""https://pidtrimka.online/rus"", ""pidtrimkainfo@gmail.com""]",
"Great Britain – See United Kingdom, The.","Great Britain – See United Kingdom, The.","Great Britain – See United Kingdom, The.","[""Ukrainian, Russian speakers"", ""Открытое пространство"", ""https://ospace.org/psyhelp""], [Ukrainians, ""Pidtrimka"", ""https://pidtrimka.online/rus"", ""pidtrimkainfo@gmail.com""]",
Greece,The Hellenic Republic,GR,"[""Ukrainian, Russian speakers"", ""Открытое пространство"", ""https://ospace.org/psyhelp""], [Ukrainians, ""Pidtrimka"", ""https://pidtrimka.online/rus"", ""pidtrimkainfo@gmail.com""]",
Greenland,Kalaallit Nunaat,GL,"[""Ukrainian, Russian speakers"", ""Открытое пространство"", ""https://ospace.org/psyhelp""], [Ukrainians, ""Pidtrimka"", ""https://pidtrimka.online/rus"", ""pidtrimkainfo@gmail.com""]",
Grenada,Grenada,GD,"[""Ukrainian, Russian speakers"", ""Открытое пространство"", ""https://ospace.org/psyhelp""], [Ukrainians, ""Pidtrimka"", ""https://pidtrimka.online/rus"", ""pidtrimkainfo@gmail.com""]",
Guadeloupe,Guadeloupe,GP,"[""Ukrainian, Russian speakers"", ""Открытое пространство"", ""https://ospace.org/psyhelp""], [Ukrainians, ""Pidtrimka"", ""https://pidtrimka.online/rus"", ""pidtrimkainfo@gmail.com""]",
Guam,The Territory of Guam,GU,"[""Ukrainian, Russian speakers"", ""Открытое пространство"", ""https://ospace.org/psyhelp""], [Ukrainians, ""Pidtrimka"", ""https://pidtrimka.online/rus"", ""pidtrimkainfo@gmail.com""]",
Guatemala,The Republic of Guatemala,GT,"[""Ukrainian, Russian speakers"", ""Открытое пространство"", ""https://ospace.org/psyhelp""], [Ukrainians, ""Pidtrimka"", ""https://pidtrimka.online/rus"", ""pidtrimkainfo@gmail.com""]",
Guernsey,The Bailiwick of Guernsey,GG,"[""Ukrainian, Russian speakers"", ""Открытое пространство"", ""https://ospace.org/psyhelp""], [Ukrainians, ""Pidtrimka"", ""https://pidtrimka.online/rus"", ""pidtrimkainfo@gmail.com""]",
Guinea,The Republic of Guinea,GN,"[""Ukrainian, Russian speakers"", ""Открытое пространство"", ""https://ospace.org/psyhelp""], [Ukrainians, ""Pidtrimka"", ""https://pidtrimka.online/rus"", ""pidtrimkainfo@gmail.com""]",
Guinea-Bissau,The Republic of Guinea-Bissau,GW,"[""Ukrainian, Russian speakers"", ""Открытое пространство"", ""https://ospace.org/psyhelp""], [Ukrainians, ""Pidtrimka"", ""https://pidtrimka.online/rus"", ""pidtrimkainfo@gmail.com""]",
Guyana,The Co-operative Republic of Guyana,GY,"[""Ukrainian, Russian speakers"", ""Открытое пространство"", ""https://ospace.org/psyhelp""], [Ukrainians, ""Pidtrimka"", ""https://pidtrimka.online/rus"", ""pidtrimkainfo@gmail.com""]",
Haiti,The Republic of Haiti,HT,"[""Ukrainian, Russian speakers"", ""Открытое пространство"", ""https://ospace.org/psyhelp""], [Ukrainians, ""Pidtrimka"", ""https://pidtrimka.online/rus"", ""pidtrimkainfo@gmail.com""]",
Heard Island and McDonald Islands,The Territory of Heard Island and McDonald Islands,HM,"[""Ukrainian, Russian speakers"", ""Открытое пространство"", ""https://ospace.org/psyhelp""], [Ukrainians, ""Pidtrimka"", ""https://pidtrimka.online/rus"", ""pidtrimkainfo@gmail.com""]",
Holy See (the),The Holy See,VA,"[""Ukrainian, Russian speakers"", ""Открытое пространство"", ""https://ospace.org/psyhelp""], [Ukrainians, ""Pidtrimka"", ""https://pidtrimka.online/rus"", ""pidtrimkainfo@gmail.com""]",
Honduras,The Republic of Honduras,HN,"[""Ukrainian, Russian speakers"", ""Открытое пространство"", ""https://ospace.org/psyhelp""], [Ukrainians, ""Pidtrimka"", ""https://pidtrimka.online/rus"", ""pidtrimkainfo@gmail.com""]",
Hong Kong,The Hong Kong Special Administrative Region of China,HK,"[""Ukrainian, Russian speakers"", ""Открытое пространство"", ""https://ospace.org/psyhelp""], [Ukrainians, ""Pidtrimka"", ""https://pidtrimka.online/rus"", ""pidtrimkainfo@gmail.com""]",
Hungary,Hungary,HU,"[""Ukrainian, Russian speakers"", ""Открытое пространство"", ""https://ospace.org/psyhelp""], [Ukrainians, ""pszi"", ""https://pszi.hu""]",
Iceland,Iceland,IS,"[""Ukrainian, Russian speakers"", ""Открытое пространство"", ""https://ospace.org/psyhelp""], [Ukrainians, ""Pidtrimka"", ""https://pidtrimka.online/rus"", ""pidtrimkainfo@gmail.com""]",
India,The Republic of India,IN,"[""Ukrainian, Russian speakers"", ""Открытое пространство"", ""https://ospace.org/psyhelp""], [Ukrainians, ""Pidtrimka"", ""https://pidtrimka.online/rus"", ""pidtrimkainfo@gmail.com""]",
Indonesia,The Republic of Indonesia,ID,"[""Ukrainian, Russian speakers"", ""Открытое пространство"", ""https://ospace.org/psyhelp""], [Ukrainians, ""Pidtrimka"", ""https://pidtrimka.online/rus"", ""pidtrimkainfo@gmail.com""]",
Iran (Islamic Republic of),The Islamic Republic of Iran,IR,"[""Ukrainian, Russian speakers"", ""Открытое пространство"", ""https://ospace.org/psyhelp""], [Ukrainians, ""Pidtrimka"", ""https://pidtrimka.online/rus"", ""pidtrimkainfo@gmail.com""]",
Iraq,The Republic of Iraq,IQ,"[""Ukrainian, Russian speakers"", ""Открытое пространство"", ""https://ospace.org/psyhelp""], [Ukrainians, ""Pidtrimka"", ""https://pidtrimka.online/rus"", ""pidtrimkainfo@gmail.com""]",
Ireland,Ireland,IE,"[""Ukrainian, Russian speakers"", ""Открытое пространство"", ""https://ospace.org/psyhelp""], [Ukrainians, ""Pidtrimka"", ""https://pidtrimka.online/rus"", ""pidtrimkainfo@gmail.com""]",
Isle of Man,The Isle of Man,IM,"[""Ukrainian, Russian speakers"", ""Открытое пространство"", ""https://ospace.org/psyhelp""], [Ukrainians, ""Pidtrimka"", ""https://pidtrimka.online/rus"", ""pidtrimkainfo@gmail.com""]",
Israel,The State of Israel,IL,"[""Ukrainian, Russian speakers"", ""Открытое пространство"", ""https://ospace.org/psyhelp""], [Ukrainians, ""https://realist.online/news/konsultatsija-psikholoha-opublikovany-kontakty-izrailskikh-psikhoterapevtov-hotovykh-pomoch-besplatno""]",
Italy,The Italian Republic,IT,"[""Ukrainian, Russian speakers"", ""Открытое пространство"", ""https://ospace.org/psyhelp""], [Ukrainians, ""Pidtrimka"", ""https://pidtrimka.online/rus"", ""pidtrimkainfo@gmail.com""]",
Ivory Coast – See Côte d'Ivoire.,Ivory Coast – See Côte d'Ivoire.,Ivory Coast – See Côte d'Ivoire.,"[""Ukrainian, Russian speakers"", ""Открытое пространство"", ""https://ospace.org/psyhelp""], [Ukrainians, ""Pidtrimka"", ""https://pidtrimka.online/rus"", ""pidtrimkainfo@gmail.com""]",
Jamaica,Jamaica,JM,"[""Ukrainian, Russian speakers"", ""Открытое пространство"", ""https://ospace.org/psyhelp""], [Ukrainians, ""Pidtrimka"", ""https://pidtrimka.online/rus"", ""pidtrimkainfo@gmail.com""]",
Jan Mayen – See Svalbard and Jan Mayen.,Jan Mayen – See Svalbard and Jan Mayen.,Jan Mayen – See Svalbard and Jan Mayen.,"[""Ukrainian, Russian speakers"", ""Открытое пространство"", ""https://ospace.org/psyhelp""], [Ukrainians, ""Pidtrimka"", ""https://pidtrimka.online/rus"", ""pidtrimkainfo@gmail.com""]",
Japan,Japan,JP,"[""Ukrainian, Russian speakers"", ""Открытое пространство"", ""https://ospace.org/psyhelp""], [Ukrainians, ""Pidtrimka"", ""https://pidtrimka.online/rus"", ""pidtrimkainfo@gmail.com""]",
Jersey,The Bailiwick of Jersey,JE,"[""Ukrainian, Russian speakers"", ""Открытое пространство"", ""https://ospace.org/psyhelp""], [Ukrainians, ""Pidtrimka"", ""https://pidtrimka.online/rus"", ""pidtrimkainfo@gmail.com""]",
Jordan,The Hashemite Kingdom of Jordan,JO,"[""Ukrainian, Russian speakers"", ""Открытое пространство"", ""https://ospace.org/psyhelp""], [Ukrainians, ""Pidtrimka"", ""https://pidtrimka.online/rus"", ""pidtrimkainfo@gmail.com""]",
Kazakhstan,The Republic of Kazakhstan,KZ,"[""Ukrainian, Russian speakers"", ""Открытое пространство"", ""https://ospace.org/psyhelp""], [Ukrainians, ""Pidtrimka"", ""https://pidtrimka.online/rus"", ""pidtrimkainfo@gmail.com""]",
Kenya,The Republic of Kenya,KE,"[""Ukrainian, Russian speakers"", ""Открытое пространство"", ""https://ospace.org/psyhelp""], [Ukrainians, ""Pidtrimka"", ""https://pidtrimka.online/rus"", ""pidtrimkainfo@gmail.com""]",
Kiribati,The Republic of Kiribati,KI,"[""Ukrainian, Russian speakers"", ""Открытое пространство"", ""https://ospace.org/psyhelp""], [Ukrainians, ""Pidtrimka"", ""https://pidtrimka.online/rus"", ""pidtrimkainfo@gmail.com""]",
Korea (the Democratic People's Republic of),The Democratic People's Republic of Korea,KP,"[""Ukrainian, Russian speakers"", ""Открытое пространство"", ""https://ospace.org/psyhelp""], [Ukrainians, ""Pidtrimka"", ""https://pidtrimka.online/rus"", ""pidtrimkainfo@gmail.com""]",
Korea (the Republic of),The Republic of Korea,KR,"[""Ukrainian, Russian speakers"", ""Открытое пространство"", ""https://ospace.org/psyhelp""], [Ukrainians, ""Pidtrimka"", ""https://pidtrimka.online/rus"", ""pidtrimkainfo@gmail.com""]",
Kuwait,The State of Kuwait,KW,"[""Ukrainian, Russian speakers"", ""Открытое пространство"", ""https://ospace.org/psyhelp""], [Ukrainians, ""Pidtrimka"", ""https://pidtrimka.online/rus"", ""pidtrimkainfo@gmail.com""]",
Kyrgyzstan,The Kyrgyz Republic,KG,"[""Ukrainian, Russian speakers"", ""Открытое пространство"", ""https://ospace.org/psyhelp""], [Ukrainians, ""Pidtrimka"", ""https://pidtrimka.online/rus"", ""pidtrimkainfo@gmail.com""]",
Lao People's Democratic Republic (the),The Lao People's Democratic Republic,LA,"[""Ukrainian, Russian speakers"", ""Открытое пространство"", ""https://ospace.org/psyhelp""], [Ukrainians, ""Pidtrimka"", ""https://pidtrimka.online/rus"", ""pidtrimkainfo@gmail.com""]",
Latvia,The Republic of Latvia,LV,"[""Ukrainian, Russian speakers"", ""Открытое пространство"", ""https://ospace.org/psyhelp""], [Ukrainian, ""Skalbes"", ""+371 24551700""",
Lebanon,The Lebanese Republic,LB,"[""Ukrainian, Russian speakers"", ""Открытое пространство"", ""https://ospace.org/psyhelp""], [Ukrainians, ""Pidtrimka"", ""https://pidtrimka.online/rus"", ""pidtrimkainfo@gmail.com""]",
Lesotho,The Kingdom of Lesotho,LS,"[""Ukrainian, Russian speakers"", ""Открытое пространство"", ""https://ospace.org/psyhelp""], [Ukrainians, ""Pidtrimka"", ""https://pidtrimka.online/rus"", ""pidtrimkainfo@gmail.com""]",
Liberia,The Republic of Liberia,LR,"[""Ukrainian, Russian speakers"", ""Открытое пространство"", ""https://ospace.org/psyhelp""], [Ukrainians, ""Pidtrimka"", ""https://pidtrimka.online/rus"", ""pidtrimkainfo@gmail.com""]",
Libya,The State of Libya,LY,"[""Ukrainian, Russian speakers"", ""Открытое пространство"", ""https://ospace.org/psyhelp""], [Ukrainians, ""Pidtrimka"", ""https://pidtrimka.online/rus"", ""pidtrimkainfo@gmail.com""]",
Liechtenstein,The Principality of Liechtenstein,LI,"[""Ukrainian, Russian speakers"", ""Открытое пространство"", ""https://ospace.org/psyhelp""], [Ukrainians, ""Pidtrimka"", ""https://pidtrimka.online/rus"", ""pidtrimkainfo@gmail.com""]",
Lithuania,The Republic of Lithuania,LT,"[""Ukrainian, Russian speakers"", ""Renkuosi"", ""https://www.renkuosilietuva.lt/ru/psycholog/""],",
Luxembourg,The Grand Duchy of Luxembourg,LU,"[""Ukrainian, Russian speakers"", ""Открытое пространство"", ""https://ospace.org/psyhelp""], [Ukrainians, ""Pidtrimka"", ""https://pidtrimka.online/rus"", ""pidtrimkainfo@gmail.com""]",
Macao,The Macao Special Administrative Region of China,MO,"[""Ukrainian, Russian speakers"", ""Открытое пространство"", ""https://ospace.org/psyhelp""], [Ukrainians, ""Pidtrimka"", ""https://pidtrimka.online/rus"", ""pidtrimkainfo@gmail.com""]",
North Macedonia,The Republic of North Macedonia,MK,"[""Ukrainian, Russian speakers"", ""Открытое пространство"", ""https://ospace.org/psyhelp""], [Ukrainians, ""Pidtrimka"", ""https://pidtrimka.online/rus"", ""pidtrimkainfo@gmail.com""]",
Madagascar,The Republic of Madagascar,MG,"[""Ukrainian, Russian speakers"", ""Открытое пространство"", ""https://ospace.org/psyhelp""], [Ukrainians, ""Pidtrimka"", ""https://pidtrimka.online/rus"", ""pidtrimkainfo@gmail.com""]",
Malawi,The Republic of Malawi,MW,"[""Ukrainian, Russian speakers"", ""Открытое пространство"", ""https://ospace.org/psyhelp""], [Ukrainians, ""Pidtrimka"", ""https://pidtrimka.online/rus"", ""pidtrimkainfo@gmail.com""]",
Malaysia,Malaysia,MY,"[""Ukrainian, Russian speakers"", ""Открытое пространство"", ""https://ospace.org/psyhelp""], [Ukrainians, ""Pidtrimka"", ""https://pidtrimka.online/rus"", ""pidtrimkainfo@gmail.com""]",
Maldives,The Republic of Maldives,MV,"[""Ukrainian, Russian speakers"", ""Открытое пространство"", ""https://ospace.org/psyhelp""], [Ukrainians, ""Pidtrimka"", ""https://pidtrimka.online/rus"", ""pidtrimkainfo@gmail.com""]",
Mali,The Republic of Mali,ML,"[""Ukrainian, Russian speakers"", ""Открытое пространство"", ""https://ospace.org/psyhelp""], [Ukrainians, ""Pidtrimka"", ""https://pidtrimka.online/rus"", ""pidtrimkainfo@gmail.com""]",
Malta,The Republic of Malta,MT,"[""Ukrainian, Russian speakers"", ""Открытое пространство"", ""https://ospace.org/psyhelp""], [Ukrainians, ""Pidtrimka"", ""https://pidtrimka.online/rus"", ""pidtrimkainfo@gmail.com""]",
Marshall Islands (the),The Republic of the Marshall Islands,MH,"[""Ukrainian, Russian speakers"", ""Открытое пространство"", ""https://ospace.org/psyhelp""], [Ukrainians, ""Pidtrimka"", ""https://pidtrimka.online/rus"", ""pidtrimkainfo@gmail.com""]",
Martinique,Martinique,MQ,"[""Ukrainian, Russian speakers"", ""Открытое пространство"", ""https://ospace.org/psyhelp""], [Ukrainians, ""Pidtrimka"", ""https://pidtrimka.online/rus"", ""pidtrimkainfo@gmail.com""]",
Mauritania,The Islamic Republic of Mauritania,MR,"[""Ukrainian, Russian speakers"", ""Открытое пространство"", ""https://ospace.org/psyhelp""], [Ukrainians, ""Pidtrimka"", ""https://pidtrimka.online/rus"", ""pidtrimkainfo@gmail.com""]",
Mauritius,The Republic of Mauritius,MU,"[""Ukrainian, Russian speakers"", ""Открытое пространство"", ""https://ospace.org/psyhelp""], [Ukrainians, ""Pidtrimka"", ""https://pidtrimka.online/rus"", ""pidtrimkainfo@gmail.com""]",
Mayotte,The Department of Mayotte,YT,"[""Ukrainian, Russian speakers"", ""Открытое пространство"", ""https://ospace.org/psyhelp""], [Ukrainians, ""Pidtrimka"", ""https://pidtrimka.online/rus"", ""pidtrimkainfo@gmail.com""]",
Mexico,The United Mexican States,MX,"[""Ukrainian, Russian speakers"", ""Открытое пространство"", ""https://ospace.org/psyhelp""], [Ukrainians, ""Pidtrimka"", ""https://pidtrimka.online/rus"", ""pidtrimkainfo@gmail.com""]",
Micronesia (Federated States of),The Federated States of Micronesia,FM,"[""Ukrainian, Russian speakers"", ""Открытое пространство"", ""https://ospace.org/psyhelp""], [Ukrainians, ""Pidtrimka"", ""https://pidtrimka.online/rus"", ""pidtrimkainfo@gmail.com""]",
Moldova (the Republic of),The Republic of Moldova,MD,"[""Ukrainian, Russian speakers"", ""Открытое пространство"", ""https://ospace.org/psyhelp""], [Ukrainians, ""Pidtrimka"", ""https://pidtrimka.online/rus"", ""pidtrimkainfo@gmail.com""]",
Monaco,The Principality of Monaco,MC,"[""Ukrainian, Russian speakers"", ""Открытое пространство"", ""https://ospace.org/psyhelp""], [Ukrainians, ""Pidtrimka"", ""https://pidtrimka.online/rus"", ""pidtrimkainfo@gmail.com""]",
Mongolia,Mongolia,MN,"[""Ukrainian, Russian speakers"", ""Открытое пространство"", ""https://ospace.org/psyhelp""], [Ukrainians, ""Pidtrimka"", ""https://pidtrimka.online/rus"", ""pidtrimkainfo@gmail.com""]",
Montenegro,Montenegro,ME,"[""Ukrainian, Russian speakers"", ""Открытое пространство"", ""https://ospace.org/psyhelp""], [Ukrainians, ""Pidtrimka"", ""https://pidtrimka.online/rus"", ""pidtrimkainfo@gmail.com""]",
Montserrat,Montserrat,MS,"[""Ukrainian, Russian speakers"", ""Открытое пространство"", ""https://ospace.org/psyhelp""], [Ukrainians, ""Pidtrimka"", ""https://pidtrimka.online/rus"", ""pidtrimkainfo@gmail.com""]",
Morocco,The Kingdom of Morocco,MA,"[""Ukrainian, Russian speakers"", ""Открытое пространство"", ""https://ospace.org/psyhelp""], [Ukrainians, ""Pidtrimka"", ""https://pidtrimka.online/rus"", ""pidtrimkainfo@gmail.com""]",
Mozambique,The Republic of Mozambique,MZ,"[""Ukrainian, Russian speakers"", ""Открытое пространство"", ""https://ospace.org/psyhelp""], [Ukrainians, ""Pidtrimka"", ""https://pidtrimka.online/rus"", ""pidtrimkainfo@gmail.com""]",
Myanmar,The Republic of the Union of Myanmar,MM,"[""Ukrainian, Russian speakers"", ""Открытое пространство"", ""https://ospace.org/psyhelp""], [Ukrainians, ""Pidtrimka"", ""https://pidtrimka.online/rus"", ""pidtrimkainfo@gmail.com""]",
Namibia,The Republic of Namibia,NA,"[""Ukrainian, Russian speakers"", ""Открытое пространство"", ""https://ospace.org/psyhelp""], [Ukrainians, ""Pidtrimka"", ""https://pidtrimka.online/rus"", ""pidtrimkainfo@gmail.com""]",
Nauru,The Republic of Nauru,NR,"[""Ukrainian, Russian speakers"", ""Открытое пространство"", ""https://ospace.org/psyhelp""], [Ukrainians, ""Pidtrimka"", ""https://pidtrimka.online/rus"", ""pidtrimkainfo@gmail.com""]",
Nepal,The Federal Democratic Republic of Nepal,NP,"[""Ukrainian, Russian speakers"", ""Открытое пространство"", ""https://ospace.org/psyhelp""], [Ukrainians, ""Pidtrimka"", ""https://pidtrimka.online/rus"", ""pidtrimkainfo@gmail.com""]",
Netherlands (the),The Kingdom of the Netherlands,NL,"[""Ukrainian, Russian speakers"", ""Открытое пространство"", ""https://ospace.org/psyhelp""], [Ukrainians, ""Pidtrimka"", ""https://pidtrimka.online/rus"", ""pidtrimkainfo@gmail.com""]",
New Caledonia,New Caledonia,NC,"[""Ukrainian, Russian speakers"", ""Открытое пространство"", ""https://ospace.org/psyhelp""], [Ukrainians, ""Pidtrimka"", ""https://pidtrimka.online/rus"", ""pidtrimkainfo@gmail.com""]",
New Zealand,New Zealand,NZ,"[""Ukrainian, Russian speakers"", ""Открытое пространство"", ""https://ospace.org/psyhelp""], [Ukrainians, ""Pidtrimka"", ""https://pidtrimka.online/rus"", ""pidtrimkainfo@gmail.com""]",
Nicaragua,The Republic of Nicaragua,NI,"[""Ukrainian, Russian speakers"", ""Открытое пространство"", ""https://ospace.org/psyhelp""], [Ukrainians, ""Pidtrimka"", ""https://pidtrimka.online/rus"", ""pidtrimkainfo@gmail.com""]",
Niger (the),The Republic of the Niger,NE,"[""Ukrainian, Russian speakers"", ""Открытое пространство"", ""https://ospace.org/psyhelp""], [Ukrainians, ""Pidtrimka"", ""https://pidtrimka.online/rus"", ""pidtrimkainfo@gmail.com""]",
Nigeria,The Federal Republic of Nigeria,NG,"[""Ukrainian, Russian speakers"", ""Открытое пространство"", ""https://ospace.org/psyhelp""], [Ukrainians, ""Pidtrimka"", ""https://pidtrimka.online/rus"", ""pidtrimkainfo@gmail.com""]",
Niue,Niue,NU,"[""Ukrainian, Russian speakers"", ""Открытое пространство"", ""https://ospace.org/psyhelp""], [Ukrainians, ""Pidtrimka"", ""https://pidtrimka.online/rus"", ""pidtrimkainfo@gmail.com""]",
Norfolk Island,The Territory of Norfolk Island,NF,"[""Ukrainian, Russian speakers"", ""Открытое пространство"", ""https://ospace.org/psyhelp""], [Ukrainians, ""Pidtrimka"", ""https://pidtrimka.online/rus"", ""pidtrimkainfo@gmail.com""]",
"North Korea – See Korea, The Democratic People's Republic of.","North Korea – See Korea, The Democratic People's Republic of.","North Korea – See Korea, The Democratic People's Republic of.","[""Ukrainian, Russian speakers"", ""Открытое пространство"", ""https://ospace.org/psyhelp""], [Ukrainians, ""Pidtrimka"", ""https://pidtrimka.online/rus"", ""pidtrimkainfo@gmail.com""]",
Northern Mariana Islands (the),The Commonwealth of the Northern Mariana Islands,MP,"[""Ukrainian, Russian speakers"", ""Открытое пространство"", ""https://ospace.org/psyhelp""], [Ukrainians, ""Pidtrimka"", ""https://pidtrimka.online/rus"", ""pidtrimkainfo@gmail.com""]",
Norway,The Kingdom of Norway,NO,"[""Ukrainian, Russian speakers"", ""Открытое пространство"", ""https://ospace.org/psyhelp""], [Ukrainians, ""Pidtrimka"", ""https://pidtrimka.online/rus"", ""pidtrimkainfo@gmail.com""]",
Oman,The Sultanate of Oman,OM,"[""Ukrainian, Russian speakers"", ""Открытое пространство"", ""https://ospace.org/psyhelp""], [Ukrainians, ""Pidtrimka"", ""https://pidtrimka.online/rus"", ""pidtrimkainfo@gmail.com""]",
Pakistan,The Islamic Republic of Pakistan,PK,"[""Ukrainian, Russian speakers"", ""Открытое пространство"", ""https://ospace.org/psyhelp""], [Ukrainians, ""Pidtrimka"", ""https://pidtrimka.online/rus"", ""pidtrimkainfo@gmail.com""]",
Palau,The Republic of Palau,PW,"[""Ukrainian, Russian speakers"", ""Открытое пространство"", ""https://ospace.org/psyhelp""], [Ukrainians, ""Pidtrimka"", ""https://pidtrimka.online/rus"", ""pidtrimkainfo@gmail.com""]",
"Palestine, State of",The State of Palestine,PS,"[""Ukrainian, Russian speakers"", ""Открытое пространство"", ""https://ospace.org/psyhelp""], [Ukrainians, ""Pidtrimka"", ""https://pidtrimka.online/rus"", ""pidtrimkainfo@gmail.com""]",
Panama,The Republic of Panamá,PA,"[""Ukrainian, Russian speakers"", ""Открытое пространство"", ""https://ospace.org/psyhelp""], [Ukrainians, ""Pidtrimka"", ""https://pidtrimka.online/rus"", ""pidtrimkainfo@gmail.com""]","[""Ukrainian, Russian speakers"", ""Открытое пространство"", ""https://ospace.org/psyhelp""], [Ukrainians, ""Pidtrimka"", ""https://pidtrimka.online/rus"", ""pidtrimkainfo@gmail.com""]"
Papua New Guinea,The Independent State of Papua New Guinea,PG,"[""Ukrainian, Russian speakers"", ""Открытое пространство"", ""https://ospace.org/psyhelp""], [Ukrainians, ""Pidtrimka"", ""https://pidtrimka.online/rus"", ""pidtrimkainfo@gmail.com""]",
Paraguay,The Republic of Paraguay,PY,"[""Ukrainian, Russian speakers"", ""Открытое пространство"", ""https://ospace.org/psyhelp""], [Ukrainians, ""Pidtrimka"", ""https://pidtrimka.online/rus"", ""pidtrimkainfo@gmail.com""]",
People's Republic of China – See China.,People's Republic of China – See China.,People's Republic of China – See China.,"[""Ukrainian, Russian speakers"", ""Открытое пространство"", ""https://ospace.org/psyhelp""], [Ukrainians, ""Pidtrimka"", ""https://pidtrimka.online/rus"", ""pidtrimkainfo@gmail.com""]",
Peru,The Republic of Perú,PE,"[""Ukrainian, Russian speakers"", ""Открытое пространство"", ""https://ospace.org/psyhelp""], [Ukrainians, ""Pidtrimka"", ""https://pidtrimka.online/rus"", ""pidtrimkainfo@gmail.com""]",
Philippines (the),The Republic of the Philippines,PH,"[""Ukrainian, Russian speakers"", ""Открытое пространство"", ""https://ospace.org/psyhelp""], [Ukrainians, ""Pidtrimka"", ""https://pidtrimka.online/rus"", ""pidtrimkainfo@gmail.com""]",
Pitcairn,"The Pitcairn, Henderson, Ducie and Oeno Islands",PN,"[""Ukrainian, Russian speakers"", ""Открытое пространство"", ""https://ospace.org/psyhelp""], [Ukrainians, ""Pidtrimka"", ""https://pidtrimka.online/rus"", ""pidtrimkainfo@gmail.com""]",
Poland,The Republic of Poland,PL,"[""Ukrainian, Russian speakers"", ""Открытое пространство"", ""https://ospace.org/psyhelp""], [Ukrainians, ""https://www.ukrainianinpoland.pl/ru/free-psychological-assistance-for-people-arriving-from-ukraine-ru/""]",
Portugal,The Portuguese Republic,PT,"[""Ukrainian, Russian speakers"", ""Открытое пространство"", ""https://ospace.org/psyhelp""], [Ukrainians, ""Pidtrimka"", ""https://pidtrimka.online/rus"", ""pidtrimkainfo@gmail.com""]",
Puerto Rico,The Commonwealth of Puerto Rico,PR,"[""Ukrainian, Russian speakers"", ""Открытое пространство"", ""https://ospace.org/psyhelp""], [Ukrainians, ""Pidtrimka"", ""https://pidtrimka.online/rus"", ""pidtrimkainfo@gmail.com""]",
Qatar,The State of Qatar,QA,"[""Ukrainian, Russian speakers"", ""Открытое пространство"", ""https://ospace.org/psyhelp""], [Ukrainians, ""Pidtrimka"", ""https://pidtrimka.online/rus"", ""pidtrimkainfo@gmail.com""]",
Republic of China – See Taiwan (Province of China).,Republic of China – See Taiwan (Province of China).,Republic of China – See Taiwan (Province of China).,"[""Ukrainian, Russian speakers"", ""Открытое пространство"", ""https://ospace.org/psyhelp""], [Ukrainians, ""Pidtrimka"", ""https://pidtrimka.online/rus"", ""pidtrimkainfo@gmail.com""]",
"Republic of Korea – See Korea, The Republic of.","Republic of Korea – See Korea, The Republic of.","Republic of Korea – See Korea, The Republic of.","[""Ukrainian, Russian speakers"", ""Открытое пространство"", ""https://ospace.org/psyhelp""], [Ukrainians, ""Pidtrimka"", ""https://pidtrimka.online/rus"", ""pidtrimkainfo@gmail.com""]",
"Republic of the Congo – See Congo, The.","Republic of the Congo – See Congo, The.","Republic of the Congo – See Congo, The.","[""Ukrainian, Russian speakers"", ""Открытое пространство"", ""https://ospace.org/psyhelp""], [Ukrainians, ""Pidtrimka"", ""https://pidtrimka.online/rus"", ""pidtrimkainfo@gmail.com""]",
Réunion,Réunion,RE,"[""Ukrainian, Russian speakers"", ""Открытое пространство"", ""https://ospace.org/psyhelp""], [Ukrainians, ""Pidtrimka"", ""https://pidtrimka.online/rus"", ""pidtrimkainfo@gmail.com""]",
Romania,Romania,RO,"[""Ukrainian, Russian speakers"", ""Открытое пространство"", ""https://ospace.org/psyhelp""], [Ukrainians, ""Pidtrimka"", ""https://pidtrimka.online/rus"", ""pidtrimkainfo@gmail.com""]",
Russian Federation (the),The Russian Federation,RU,"[""Ukrainian, Russian speakers"", ""Открытое пространство"", ""https://ospace.org/psyhelp""], [Ukrainians, ""Pidtrimka"", ""https://pidtrimka.online/rus"", ""pidtrimkainfo@gmail.com""]",
Rwanda,The Republic of Rwanda,RW,"[""Ukrainian, Russian speakers"", ""Открытое пространство"", ""https://ospace.org/psyhelp""], [Ukrainians, ""Pidtrimka"", ""https://pidtrimka.online/rus"", ""pidtrimkainfo@gmail.com""]",
"Saba – See Bonaire, Sint Eustatius and Saba.","Saba – See Bonaire, Sint Eustatius and Saba.","Saba – See Bonaire, Sint Eustatius and Saba.","[""Ukrainian, Russian speakers"", ""Открытое пространство"", ""https://ospace.org/psyhelp""], [Ukrainians, ""Pidtrimka"", ""https://pidtrimka.online/rus"", ""pidtrimkainfo@gmail.com""]",
Sahrawi Arab Democratic Republic – See Western Sahara.,Sahrawi Arab Democratic Republic – See Western Sahara.,Sahrawi Arab Democratic Republic – See Western Sahara.,"[""Ukrainian, Russian speakers"", ""Открытое пространство"", ""https://ospace.org/psyhelp""], [Ukrainians, ""Pidtrimka"", ""https://pidtrimka.online/rus"", ""pidtrimkainfo@gmail.com""]",
Saint Barthélemy,The Collectivity of Saint-Barthélemy,BL,"[""Ukrainian, Russian speakers"", ""Открытое пространство"", ""https://ospace.org/psyhelp""], [Ukrainians, ""Pidtrimka"", ""https://pidtrimka.online/rus"", ""pidtrimkainfo@gmail.com""]",
"Saint Helena
 Ascension Island
 Tristan da Cunha","Saint Helena, Ascension and Tristan da Cunha",SH,"[""Ukrainian, Russian speakers"", ""Открытое пространство"", ""https://ospace.org/psyhelp""], [Ukrainians, ""Pidtrimka"", ""https://pidtrimka.online/rus"", ""pidtrimkainfo@gmail.com""]",
Saint Kitts and Nevis,Saint Kitts and Nevis,KN,"[""Ukrainian, Russian speakers"", ""Открытое пространство"", ""https://ospace.org/psyhelp""], [Ukrainians, ""Pidtrimka"", ""https://pidtrimka.online/rus"", ""pidtrimkainfo@gmail.com""]",
Saint Lucia,Saint Lucia,LC,"[""Ukrainian, Russian speakers"", ""Открытое пространство"", ""https://ospace.org/psyhelp""], [Ukrainians, ""Pidtrimka"", ""https://pidtrimka.online/rus"", ""pidtrimkainfo@gmail.com""]",
Saint Martin (French part),The Collectivity of Saint-Martin,MF,"[""Ukrainian, Russian speakers"", ""Открытое пространство"", ""https://ospace.org/psyhelp""], [Ukrainians, ""Pidtrimka"", ""https://pidtrimka.online/rus"", ""pidtrimkainfo@gmail.com""]",
Saint Pierre and Miquelon,The Overseas Collectivity of Saint-Pierre and Miquelon,PM,"[""Ukrainian, Russian speakers"", ""Открытое пространство"", ""https://ospace.org/psyhelp""], [Ukrainians, ""Pidtrimka"", ""https://pidtrimka.online/rus"", ""pidtrimkainfo@gmail.com""]",
Saint Vincent and the Grenadines,Saint Vincent and the Grenadines,VC,"[""Ukrainian, Russian speakers"", ""Открытое пространство"", ""https://ospace.org/psyhelp""], [Ukrainians, ""Pidtrimka"", ""https://pidtrimka.online/rus"", ""pidtrimkainfo@gmail.com""]",
Samoa,The Independent State of Samoa,WS,"[""Ukrainian, Russian speakers"", ""Открытое пространство"", ""https://ospace.org/psyhelp""], [Ukrainians, ""Pidtrimka"", ""https://pidtrimka.online/rus"", ""pidtrimkainfo@gmail.com""]",
San Marino,The Republic of San Marino,SM,"[""Ukrainian, Russian speakers"", ""Открытое пространство"", ""https://ospace.org/psyhelp""], [Ukrainians, ""Pidtrimka"", ""https://pidtrimka.online/rus"", ""pidtrimkainfo@gmail.com""]",
Sao Tome and Principe,The Democratic Republic of São Tomé and Príncipe,ST,"[""Ukrainian, Russian speakers"", ""Открытое пространство"", ""https://ospace.org/psyhelp""], [Ukrainians, ""Pidtrimka"", ""https://pidtrimka.online/rus"", ""pidtrimkainfo@gmail.com""]",
Saudi Arabia,The Kingdom of Saudi Arabia,SA,"[""Ukrainian, Russian speakers"", ""Открытое пространство"", ""https://ospace.org/psyhelp""], [Ukrainians, ""Pidtrimka"", ""https://pidtrimka.online/rus"", ""pidtrimkainfo@gmail.com""]",
Senegal,The Republic of Senegal,SN,"[""Ukrainian, Russian speakers"", ""Открытое пространство"", ""https://ospace.org/psyhelp""], [Ukrainians, ""Pidtrimka"", ""https://pidtrimka.online/rus"", ""pidtrimkainfo@gmail.com""]",
Serbia,The Republic of Serbia,RS,"[""Ukrainian, Russian speakers"", ""Открытое пространство"", ""https://ospace.org/psyhelp""], [Ukrainians, ""Pidtrimka"", ""https://pidtrimka.online/rus"", ""pidtrimkainfo@gmail.com""]",
Seychelles,The Republic of Seychelles,SC,"[""Ukrainian, Russian speakers"", ""Открытое пространство"", ""https://ospace.org/psyhelp""], [Ukrainians, ""Pidtrimka"", ""https://pidtrimka.online/rus"", ""pidtrimkainfo@gmail.com""]",
Sierra Leone,The Republic of Sierra Leone,SL,"[""Ukrainian, Russian speakers"", ""Открытое пространство"", ""https://ospace.org/psyhelp""], [Ukrainians, ""Pidtrimka"", ""https://pidtrimka.online/rus"", ""pidtrimkainfo@gmail.com""]",
Singapore,The Republic of Singapore,SG,"[""Ukrainian, Russian speakers"", ""Открытое пространство"", ""https://ospace.org/psyhelp""], [Ukrainians, ""Pidtrimka"", ""https://pidtrimka.online/rus"", ""pidtrimkainfo@gmail.com""]",
"Sint Eustatius – See Bonaire, Sint Eustatius and Saba.","Sint Eustatius – See Bonaire, Sint Eustatius and Saba.","Sint Eustatius – See Bonaire, Sint Eustatius and Saba.","[""Ukrainian, Russian speakers"", ""Открытое пространство"", ""https://ospace.org/psyhelp""], [Ukrainians, ""Pidtrimka"", ""https://pidtrimka.online/rus"", ""pidtrimkainfo@gmail.com""]",
Sint Maarten (Dutch part),Sint Maarten,SX,"[""Ukrainian, Russian speakers"", ""Открытое пространство"", ""https://ospace.org/psyhelp""], [Ukrainians, ""Pidtrimka"", ""https://pidtrimka.online/rus"", ""pidtrimkainfo@gmail.com""]",
Slovakia,The Slovak Republic,SK,"[""Ukrainian, Russian speakers"", ""Открытое пространство"", ""https://ospace.org/psyhelp""], [Ukrainians, ""Pidtrimka"", ""https://pidtrimka.online/rus"", ""pidtrimkainfo@gmail.com""]",
Slovenia,The Republic of Slovenia,SI,"[""Ukrainian, Russian speakers"", ""Открытое пространство"", ""https://ospace.org/psyhelp""], [Ukrainians, ""Pidtrimka"", ""https://pidtrimka.online/rus"", ""pidtrimkainfo@gmail.com""]",
Solomon Islands,The Solomon Islands,SB,"[""Ukrainian, Russian speakers"", ""Открытое пространство"", ""https://ospace.org/psyhelp""], [Ukrainians, ""Pidtrimka"", ""https://pidtrimka.online/rus"", ""pidtrimkainfo@gmail.com""]",
Somalia,The Federal Republic of Somalia,SO,"[""Ukrainian, Russian speakers"", ""Открытое пространство"", ""https://ospace.org/psyhelp""], [Ukrainians, ""Pidtrimka"", ""https://pidtrimka.online/rus"", ""pidtrimkainfo@gmail.com""]",
South Africa,The Republic of South Africa,ZA,"[""Ukrainian, Russian speakers"", ""Открытое пространство"", ""https://ospace.org/psyhelp""], [Ukrainians, ""Pidtrimka"", ""https://pidtrimka.online/rus"", ""pidtrimkainfo@gmail.com""]",
South Georgia and the South Sandwich Islands,South Georgia and the South Sandwich Islands,GS,"[""Ukrainian, Russian speakers"", ""Открытое пространство"", ""https://ospace.org/psyhelp""], [Ukrainians, ""Pidtrimka"", ""https://pidtrimka.online/rus"", ""pidtrimkainfo@gmail.com""]",
"South Korea – See Korea, The Republic of.","South Korea – See Korea, The Republic of.","South Korea – See Korea, The Republic of.","[""Ukrainian, Russian speakers"", ""Открытое пространство"", ""https://ospace.org/psyhelp""], [Ukrainians, ""Pidtrimka"", ""https://pidtrimka.online/rus"", ""pidtrimkainfo@gmail.com""]",
South Sudan,The Republic of South Sudan,SS,"[""Ukrainian, Russian speakers"", ""Открытое пространство"", ""https://ospace.org/psyhelp""], [Ukrainians, ""Pidtrimka"", ""https://pidtrimka.online/rus"", ""pidtrimkainfo@gmail.com""]",
Spain,The Kingdom of Spain,ES,"[""Ukrainian, Russian speakers"", ""Открытое пространство"", ""https://ospace.org/psyhelp""], [Ukrainians, ""Pidtrimka"", ""https://pidtrimka.online/rus"", ""pidtrimkainfo@gmail.com""]",
Sri Lanka,The Democratic Socialist Republic of Sri Lanka,LK,"[""Ukrainian, Russian speakers"", ""Открытое пространство"", ""https://ospace.org/psyhelp""], [Ukrainians, ""Pidtrimka"", ""https://pidtrimka.online/rus"", ""pidtrimkainfo@gmail.com""]",
Sudan (the),The Republic of the Sudan,SD,"[""Ukrainian, Russian speakers"", ""Открытое пространство"", ""https://ospace.org/psyhelp""], [Ukrainians, ""Pidtrimka"", ""https://pidtrimka.online/rus"", ""pidtrimkainfo@gmail.com""]",
Suriname,The Republic of Suriname,SR,"[""Ukrainian, Russian speakers"", ""Открытое пространство"", ""https://ospace.org/psyhelp""], [Ukrainians, ""Pidtrimka"", ""https://pidtrimka.online/rus"", ""pidtrimkainfo@gmail.com""]",
"Svalbard
 Jan Mayen",Svalbard and Jan Mayen,SJ,"[""Ukrainian, Russian speakers"", ""Открытое пространство"", ""https://ospace.org/psyhelp""], [Ukrainians, ""Pidtrimka"", ""https://pidtrimka.online/rus"", ""pidtrimkainfo@gmail.com""]",
Sweden,The Kingdom of Sweden,SE,"[""Ukrainian, Russian speakers"", ""Открытое пространство"", ""https://ospace.org/psyhelp""], [Ukrainians, ""Pidtrimka"", ""https://pidtrimka.online/rus"", ""pidtrimkainfo@gmail.com""]",
Switzerland,The Swiss Confederation,CH,"[""Ukrainian, Russian speakers"", ""Открытое пространство"", ""https://ospace.org/psyhelp""], [Ukrainians, ""Pidtrimka"", ""https://pidtrimka.online/rus"", ""pidtrimkainfo@gmail.com""]",
Syrian Arab Republic (the),The Syrian Arab Republic,SY,"[""Ukrainian, Russian speakers"", ""Открытое пространство"", ""https://ospace.org/psyhelp""], [Ukrainians, ""Pidtrimka"", ""https://pidtrimka.online/rus"", ""pidtrimkainfo@gmail.com""]",
Taiwan (Province of China),The Republic of China,TW,"[""Ukrainian, Russian speakers"", ""Открытое пространство"", ""https://ospace.org/psyhelp""], [Ukrainians, ""Pidtrimka"", ""https://pidtrimka.online/rus"", ""pidtrimkainfo@gmail.com""]",
Tajikistan,The Republic of Tajikistan,TJ,"[""Ukrainian, Russian speakers"", ""Открытое пространство"", ""https://ospace.org/psyhelp""], [Ukrainians, ""Pidtrimka"", ""https://pidtrimka.online/rus"", ""pidtrimkainfo@gmail.com""]",
"Tanzania, the United Republic of",The United Republic of Tanzania,TZ,,
Thailand,The Kingdom of Thailand,TH,"[""Ukrainian, Russian speakers"", ""Открытое пространство"", ""https://ospace.org/psyhelp""], [Ukrainians, ""Pidtrimka"", ""https://pidtrimka.online/rus"", ""pidtrimkainfo@gmail.com""]","[""Ukrainian, Russian speakers"", ""Открытое пространство"", ""https://ospace.org/psyhelp""], [Ukrainians, ""Pidtrimka"", ""https://pidtrimka.online/rus"", ""pidtrimkainfo@gmail.com""]"
Timor-Leste,The Democratic Republic of Timor-Leste,TL,"[""Ukrainian, Russian speakers"", ""Открытое пространство"", ""https://ospace.org/psyhelp""], [Ukrainians, ""Pidtrimka"", ""https://pidtrimka.online/rus"", ""pidtrimkainfo@gmail.com""]",
Togo,The Togolese Republic,TG,"[""Ukrainian, Russian speakers"", ""Открытое пространство"", ""https://ospace.org/psyhelp""], [Ukrainians, ""Pidtrimka"", ""https://pidtrimka.online/rus"", ""pidtrimkainfo@gmail.com""]",
Tokelau,Tokelau,TK,"[""Ukrainian, Russian speakers"", ""Открытое пространство"", ""https://ospace.org/psyhelp""], [Ukrainians, ""Pidtrimka"", ""https://pidtrimka.online/rus"", ""pidtrimkainfo@gmail.com""]",
Tonga,The Kingdom of Tonga,TO,"[""Ukrainian, Russian speakers"", ""Открытое пространство"", ""https://ospace.org/psyhelp""], [Ukrainians, ""Pidtrimka"", ""https://pidtrimka.online/rus"", ""pidtrimkainfo@gmail.com""]",
Trinidad and Tobago,The Republic of Trinidad and Tobago,TT,"[""Ukrainian, Russian speakers"", ""Открытое пространство"", ""https://ospace.org/psyhelp""], [Ukrainians, ""Pidtrimka"", ""https://pidtrimka.online/rus"", ""pidtrimkainfo@gmail.com""]",
Tunisia,The Republic of Tunisia,TN,"[""Ukrainian, Russian speakers"", ""Открытое пространство"", ""https://ospace.org/psyhelp""], [Ukrainians, ""Pidtrimka"", ""https://pidtrimka.online/rus"", ""pidtrimkainfo@gmail.com""]",
Türkiye,The Republic of Türkiye,TR,"[""Ukrainian, Russian speakers"", ""Открытое пространство"", ""https://ospace.org/psyhelp""], [Ukrainians, ""Pidtrimka"", ""https://pidtrimka.online/rus"", ""pidtrimkainfo@gmail.com""]",
Turkmenistan,Turkmenistan,TM,"[""Ukrainian, Russian speakers"", ""Открытое пространство"", ""https://ospace.org/psyhelp""], [Ukrainians, ""Pidtrimka"", ""https://pidtrimka.online/rus"", ""pidtrimkainfo@gmail.com""]",
Turks and Caicos Islands (the),The Turks and Caicos Islands,TC,"[""Ukrainian, Russian speakers"", ""Открытое пространство"", ""https://ospace.org/psyhelp""], [Ukrainians, ""Pidtrimka"", ""https://pidtrimka.online/rus"", ""pidtrimkainfo@gmail.com""]",
Tuvalu,Tuvalu,TV,"[""Ukrainian, Russian speakers"", ""Открытое пространство"", ""https://ospace.org/psyhelp""], [Ukrainians, ""Pidtrimka"", ""https://pidtrimka.online/rus"", ""pidtrimkainfo@gmail.com""]",
Uganda,The Republic of Uganda,UG,"[""Ukrainian, Russian speakers"", ""Открытое пространство"", ""https://ospace.org/psyhelp""], [Ukrainians, ""Pidtrimka"", ""https://pidtrimka.online/rus"", ""pidtrimkainfo@gmail.com""]",
Ukraine,Ukraine,UA,"[""Ukrainian, Russian speakers"", ""Открытое пространство"", ""https://ospace.org/psyhelp""], [Ukrainians, ""Pidtrimka"", ""https://pidtrimka.online/rus"", ""pidtrimkainfo@gmail.com""]",
United Arab Emirates (the),The United Arab Emirates,AE,"[""Ukrainian, Russian speakers"", ""Открытое пространство"", ""https://ospace.org/psyhelp""], [Ukrainians, ""Pidtrimka"", ""https://pidtrimka.online/rus"", ""pidtrimkainfo@gmail.com""]",
United Kingdom of Great Britain and Northern Ireland (the),The United Kingdom of Great Britain and Northern Ireland,GB,"[""Ukrainian, Russian speakers"", ""Открытое пространство"", ""https://ospace.org/psyhelp""], [Ukrainians, ""Pidtrimka"", ""https://pidtrimka.online/rus"", ""pidtrimkainfo@gmail.com""]",
United States Minor Outlying Islands (the),"Baker Island, Howland Island, Jarvis Island, Johnston Atoll, Kingman Reef, Midway Atoll, Navassa Island, Palmyra Atoll, and Wake Island",UM,"[""Ukrainian, Russian speakers"", ""Открытое пространство"", ""https://ospace.org/psyhelp""], [Ukrainians, ""Pidtrimka"", ""https://pidtrimka.online/rus"", ""pidtrimkainfo@gmail.com""]",
United States of America (the),The United States of America,US,"[""Ukrainian, Russian speakers"", ""Открытое пространство"", ""https://ospace.org/psyhelp""], [Ukrainians, ""Pidtrimka"", ""https://pidtrimka.online/rus"", ""pidtrimkainfo@gmail.com""]",
United States Virgin Islands – See Virgin Islands (U.S.).,United States Virgin Islands – See Virgin Islands (U.S.).,United States Virgin Islands – See Virgin Islands (U.S.).,"[""Ukrainian, Russian speakers"", ""Открытое пространство"", ""https://ospace.org/psyhelp""], [Ukrainians, ""Pidtrimka"", ""https://pidtrimka.online/rus"", ""pidtrimkainfo@gmail.com""]",
Uruguay,The Oriental Republic of Uruguay,UY,"[""Ukrainian, Russian speakers"", ""Открытое пространство"", ""https://ospace.org/psyhelp""], [Ukrainians, ""Pidtrimka"", ""https://pidtrimka.online/rus"", ""pidtrimkainfo@gmail.com""]",
Uzbekistan,The Republic of Uzbekistan,UZ,"[""Ukrainian, Russian speakers"", ""Открытое пространство"", ""https://ospace.org/psyhelp""], [Ukrainians, ""Pidtrimka"", ""https://pidtrimka.online/rus"", ""pidtrimkainfo@gmail.com""]",
Vanuatu,The Republic of Vanuatu,VU,"[""Ukrainian, Russian speakers"", ""Открытое пространство"", ""https://ospace.org/psyhelp""], [Ukrainians, ""Pidtrimka"", ""https://pidtrimka.online/rus"", ""pidtrimkainfo@gmail.com""]",
"Vatican City – See Holy See, The.","Vatican City – See Holy See, The.","Vatican City – See Holy See, The.","[""Ukrainian, Russian speakers"", ""Открытое пространство"", ""https://ospace.org/psyhelp""], [Ukrainians, ""Pidtrimka"", ""https://pidtrimka.online/rus"", ""pidtrimkainfo@gmail.com""]",
Venezuela (Bolivarian Republic of),The Bolivarian Republic of Venezuela,VE,"[""Ukrainian, Russian speakers"", ""Открытое пространство"", ""https://ospace.org/psyhelp""], [Ukrainians, ""Pidtrimka"", ""https://pidtrimka.online/rus"", ""pidtrimkainfo@gmail.com""]",
Viet Nam,The Socialist Republic of Viet Nam,VN,"[""Ukrainian, Russian speakers"", ""Открытое пространство"", ""https://ospace.org/psyhelp""], [Ukrainians, ""Pidtrimka"", ""https://pidtrimka.online/rus"", ""pidtrimkainfo@gmail.com""]",
Virgin Islands (British),The Virgin Islands,VG,"[""Ukrainian, Russian speakers"", ""Открытое пространство"", ""https://ospace.org/psyhelp""], [Ukrainians, ""Pidtrimka"", ""https://pidtrimka.online/rus"", ""pidtrimkainfo@gmail.com""]",
Virgin Islands (U.S.),The Virgin Islands of the United States,VI,"[""Ukrainian, Russian speakers"", ""Открытое пространство"", ""https://ospace.org/psyhelp""], [Ukrainians, ""Pidtrimka"", ""https://pidtrimka.online/rus"", ""pidtrimkainfo@gmail.com""]",
Wallis and Futuna,The Territory of the Wallis and Futuna Islands,WF,"[""Ukrainian, Russian speakers"", ""Открытое пространство"", ""https://ospace.org/psyhelp""], [Ukrainians, ""Pidtrimka"", ""https://pidtrimka.online/rus"", ""pidtrimkainfo@gmail.com""]",
Western Sahara,The Sahrawi Arab Democratic Republic,EH,"[""Ukrainian, Russian speakers"", ""Открытое пространство"", ""https://ospace.org/psyhelp""], [Ukrainians, ""Pidtrimka"", ""https://pidtrimka.online/rus"", ""pidtrimkainfo@gmail.com""]",
Yemen,The Republic of Yemen,YE,"[""Ukrainian, Russian speakers"", ""Открытое пространство"", ""https://ospace.org/psyhelp""], [Ukrainians, ""Pidtrimka"", ""https://pidtrimka.online/rus"", ""pidtrimkainfo@gmail.com""]",
Zambia,The Republic of Zambia,ZM,"[""Ukrainian, Russian speakers"", ""Открытое пространство"", ""https://ospace.org/psyhelp""], [Ukrainians, ""Pidtrimka"", ""https://pidtrimka.online/rus"", ""pidtrimkainfo@gmail.com""]",
Zimbabwe,The Republic of Zimbabwe,ZW,"[""Ukrainian, Russian speakers"", ""Открытое пространство"", ""https://ospace.org/psyhelp""], [Ukrainians, ""Pidtrimka"", ""https://pidtrimka.online/rus"", ""pidtrimkainfo@gmail.com""]",
